estudante,datetime,pontuacao,serie_turma,materia,0,1,2,3,4,5,6,7,8,9,10,11,12,13,14
370,2025-07-16 15:48:06,2400,2i,0,3,5,2,3,3,3,4,1,1,3,2,3,3,2,2
1382,2025-07-16 21:27:25,2600,2i,0,3,5,2,3,3,3,4,2,1,3,2,3,3,2,2
344,2025-07-16 16:50:39,2800,2i,0,3,5,2,3,5,3,4,2,1,3,2,3,3,2,2
1666,2025-07-16 19:20:15,200,2i,0,2,4,5,4,3,4,1,5,5,5,5,2,2,2,5
201,2025-07-16 13:00:24,2600,2i,0,3,5,2,3,3,3,4,2,1,3,2,3,3,2,2
1160,2025-07-16 23:41:48,2600,2i,0,3,5,2,3,5,3,4,1,1,3,2,3,3,2,2
321,2025-07-16 13:41:13,2800,2i,0,3,5,2,3,5,3,4,2,1,3,2,3,3,2,2
1010,2025-07-16 18:51:05,2800,2i,0,3,5,2,3,5,3,4,2,1,3,2,3,3,2,2
591,2025-07-16 20:09:24,2600,2i,0,3,5,2,3,3,3,4,2,1,3,2,3,3,2,2
671,2025-07-16 21:33:05,2800,2i,0,3,5,2,3,5,3,4,2,1,3,2,3,3,2,2
1360,2025-07-16 21:50:12,2800,2i,0,3,5,2,3,5,3,4,2,1,3,2,3,3,2,2
1696,2025-07-17 14:21:44,2400,2i,0,3,5,3,3,5,3,4,1,1,3,2,3,3,2,2
1446,2025-07-16 20:48:41,2400,2i,0,3,5,2,3,3,3,4,1,1,3,2,3,3,2,2
693,2025-07-16 19:12:28,2400,2c,0,3,4,3,3,5,3,4,2,1,3,2,3,3,2,2
925,2025-07-16 21:28:12,2400,2i,0,3,3,2,3,1,3,4,2,1,3,2,3,3,2,2
598,2025-07-16 19:10:54,2600,2i,0,3,5,2,3,1,3,4,2,1,3,2,3,3,2,2
1098,2025-07-16 22:09:08,2200,2i,0,3,2,4,3,3,3,4,2,1,3,2,3,3,2,2
282,2025-07-18 08:28:33,2600,2i,0,3,5,2,3,5,3,4,2,1,3,2,4,3,2,2
1144,2025-07-16 13:41:21,2800,2i,0,3,5,2,3,5,3,4,2,1,3,2,3,3,2,2
893,2025-07-16 13:41:07,2800,2i,0,3,5,2,3,5,3,4,2,1,3,2,3,3,2,2
978,2025-07-16 19:43:00,2400,2i,0,3,5,4,3,2,3,4,2,1,3,2,3,3,2,2
142,2025-07-16 22:43:53,2800,2i,0,3,5,2,3,5,3,4,2,1,3,2,3,3,2,2
1384,2025-07-16 23:18:09,2800,2i,0,3,5,2,3,5,3,4,2,1,3,2,3,3,2,2
1259,2025-07-16 21:24:42,2200,2j,0,3,5,2,3,2,3,1,3,1,3,2,3,3,2,2
1107,2025-07-16 20:16:29,2800,2j,0,3,5,2,3,5,3,4,2,1,3,2,3,3,2,2
1341,2025-07-16 19:23:29,2600,2j,0,3,5,2,3,5,3,4,5,1,3,2,3,3,2,2
1405,2025-07-16 20:18:54,2600,2j,0,3,5,2,3,3,3,4,2,1,3,2,3,3,2,2
307,2025-07-16 13:53:02,2800,2j,0,3,5,2,3,5,3,4,2,1,3,2,3,3,2,2
906,2025-07-16 20:41:49,1800,2j,0,3,4,2,3,5,3,4,1,2,1,2,3,2,2,2
1522,2025-07-16 20:42:18,2800,2j,0,3,5,2,3,5,3,4,2,1,3,2,3,3,2,2
276,2025-07-16 22:49:49,2800,2j,0,3,5,2,3,5,3,4,2,1,3,2,3,3,2,2
1608,2025-07-16 21:07:24,2600,2j,0,3,5,2,3,3,3,4,2,1,3,2,3,3,2,2
13,2025-07-16 21:11:07,2800,2j,0,3,5,2,3,5,3,4,2,1,3,2,3,3,2,2
786,2025-07-16 15:47:41,2400,2j,0,3,5,2,3,5,3,1,2,1,3,2,3,3,2,3
1112,2025-07-16 22:11:03,2400,2j,0,3,5,3,3,3,3,4,2,1,3,2,3,3,2,2
1709,2025-07-16 23:09:08,2600,2l,0,3,5,2,3,5,3,4,1,1,3,2,3,3,2,2
1432,2025-07-16 21:37:16,2200,2j,0,3,2,4,3,3,3,4,2,1,3,2,3,3,2,2
633,2025-07-16 22:47:08,2000,2j,0,3,3,2,3,3,3,4,2,1,3,2,3,2,2,3
744,2025-07-16 21:10:12,2600,2j,0,3,5,2,3,1,3,4,2,1,3,2,3,3,2,2
143,2025-07-16 19:37:54,2800,2j,0,3,5,2,3,5,3,4,2,1,3,2,3,3,2,2
1263,2025-07-16 20:13:37,2600,2j,0,3,5,2,3,3,3,4,2,1,3,2,3,3,2,2
1046,2025-07-16 19:39:34,2600,2j,0,3,5,2,3,4,3,4,2,1,3,2,3,3,2,2
156,2025-07-16 14:22:36,2600,2j,0,3,5,2,3,5,3,1,2,1,3,2,3,3,2,2
1703,2025-07-16 20:10:14,2400,2j,0,3,5,2,3,1,3,4,1,1,3,2,3,3,2,2
1510,2025-07-16 21:37:14,2200,2j,0,3,2,4,3,3,3,4,2,1,3,2,3,3,2,2
965,2025-07-16 13:59:55,2800,2j,0,3,5,2,3,5,3,4,2,1,3,2,3,3,2,2
102,2025-07-16 19:53:26,2800,2j,0,3,5,2,3,5,3,4,2,1,3,2,3,3,2,2
783,2025-07-16 13:53:05,2400,2j,0,3,3,2,3,5,3,4,2,1,3,2,3,5,2,2
520,2025-07-16 23:47:45,2200,2q,0,3,4,5,3,1,3,4,2,1,3,2,3,3,2,2
423,2025-07-16 15:39:42,2400,2j,0,3,5,2,3,1,3,4,5,1,3,2,3,3,2,2
1166,2025-07-16 10:33:13,2600,2j,0,3,5,2,3,3,3,4,2,1,3,2,3,3,2,2
443,2025-07-16 19:42:44,2400,2k,0,3,5,3,3,3,3,4,2,1,3,2,3,3,2,2
263,2025-07-16 21:57:02,2400,2k,0,3,5,3,3,3,3,4,2,1,3,2,3,3,2,2
1277,2025-07-24 18:51:12,2600,2k,0,3,5,2,3,4,3,4,2,1,3,2,3,3,2,2
1183,2025-07-16 20:30:07,2600,2k,0,3,5,2,3,4,3,4,2,1,3,2,3,3,2,2
403,2025-07-16 20:27:54,2400,2k,0,3,5,3,3,3,3,4,2,1,3,2,3,3,2,2
1607,2025-07-16 19:40:55,2800,2k,0,3,5,2,3,5,3,4,2,1,3,2,3,3,2,2
845,2025-07-16 21:52:27,2800,2k,0,3,5,2,3,5,3,4,2,1,3,2,3,3,2,2
1600,2025-07-16 14:30:06,2600,2k,0,3,5,2,3,3,3,4,2,1,3,2,3,3,2,2
707,2025-07-16 11:20:36,2800,2k,0,3,5,2,3,5,3,4,2,1,3,2,3,3,2,2
1604,2025-07-16 19:00:42,2400,2k,0,3,5,3,3,3,3,4,2,1,3,2,3,3,2,2
1191,2025-07-16 16:28:54,2000,2k,0,3,5,3,3,5,1,4,2,1,1,2,3,3,2,4
829,2025-07-16 08:16:12,2800,2k,0,3,5,2,3,5,3,4,2,1,3,2,3,3,2,2
446,2025-07-16 13:32:54,2400,2k,0,3,5,3,3,3,3,4,2,1,3,2,3,3,2,2
1328,2025-07-17 07:29:03,2600,2k,0,3,5,2,3,3,3,4,2,1,3,2,3,3,2,2
652,2025-07-17 15:12:41,2400,2k,0,3,5,3,3,3,3,4,2,1,3,2,3,3,2,2
682,2025-07-16 20:32:50,2600,2k,0,3,5,2,3,5,3,4,2,1,2,2,3,3,2,2
1507,2025-07-17 00:35:13,2600,2k,0,3,5,2,3,3,3,4,2,1,3,2,3,3,2,2
556,2025-07-24 17:03:20,2600,2k,0,3,5,2,3,5,3,4,2,1,2,2,3,3,2,2
1401,2025-07-16 21:24:04,2600,2k,0,3,5,2,3,5,3,4,2,1,2,2,3,3,2,2
1031,2025-07-16 11:21:25,2400,2k,0,3,5,3,3,3,3,4,2,1,3,2,3,3,2,2
1327,2025-07-16 18:36:46,2800,2k,0,3,5,2,3,5,3,4,2,1,3,2,3,3,2,2
1674,2025-07-16 20:10:22,2400,2k,0,3,5,3,3,3,3,4,2,1,3,2,3,3,2,2
34,2025-07-16 20:21:12,2800,2k,0,3,5,2,3,5,3,4,2,1,3,2,3,3,2,2
232,2025-07-16 21:36:30,2800,2k,0,3,5,2,3,5,3,4,2,1,3,2,3,3,2,2
1147,2025-07-16 20:42:18,2200,2k,0,3,3,2,3,3,3,4,3,1,3,2,3,3,2,2
1392,2025-07-16 19:17:59,2400,2k,0,3,5,2,3,3,3,4,1,1,3,2,3,3,2,2
823,2025-07-16 16:24:32,2800,2k,0,3,5,2,3,5,3,4,2,1,3,2,3,3,2,2
1236,2025-07-16 12:04:51,2600,2k,0,3,5,2,3,5,3,1,2,1,3,2,3,3,2,2
705,2025-07-16 19:09:26,1800,2k,0,3,2,4,3,3,3,1,5,1,3,2,3,3,2,2
260,2025-07-16 19:42:28,2800,2k,0,3,5,2,3,5,3,4,2,1,3,2,3,3,2,2
834,2025-07-16 21:43:55,2200,2l,0,3,2,2,3,4,3,4,2,1,3,2,3,3,2,3
530,2025-07-16 14:00:32,2400,2l,0,3,5,2,3,2,3,4,2,1,3,2,2,3,2,2
317,2025-07-16 22:08:46,2600,2l,0,3,5,2,3,3,3,4,2,1,3,2,3,3,2,2
577,2025-07-16 08:00:40,2600,2l,0,3,5,2,3,5,3,4,2,1,3,2,4,3,2,2
1430,2025-07-16 23:05:55,2600,2l,0,3,5,2,3,5,4,4,2,1,3,2,3,3,2,2
274,2025-07-16 19:40:42,2800,2l,0,3,5,2,3,5,3,4,2,1,3,2,3,3,2,2
1494,2025-07-16 20:11:02,2800,2l,0,3,5,2,3,5,3,4,2,1,3,2,3,3,2,2
92,2025-07-16 19:27:24,1400,2l,0,3,2,2,3,3,3,1,2,1,2,2,5,4,5,2
537,2025-07-16 23:12:10,2200,2l,0,3,1,3,3,5,3,4,1,1,3,2,3,3,2,2
900,2025-07-16 21:00:18,2600,2l,0,3,5,2,3,2,3,4,2,1,3,2,3,3,2,2
1249,2025-07-16 23:28:06,2200,2l,0,3,1,3,3,5,3,4,1,1,3,2,3,3,2,2
1429,2025-07-16 22:58:42,2400,2l,0,3,1,2,3,5,3,4,1,1,3,2,3,3,2,2
720,2025-07-16 21:08:04,2800,2l,0,3,5,2,3,5,3,4,2,1,3,2,3,3,2,2
505,2025-07-16 23:58:10,800,2l,0,4,4,3,2,3,3,3,3,2,4,4,4,3,3,2
612,2025-07-16 08:09:04,2600,2l,0,3,5,2,3,3,3,4,2,1,3,2,3,3,2,2
1121,2025-07-16 21:07:11,2600,2l,0,3,5,2,3,5,3,4,2,1,3,2,3,3,2,3
910,2025-07-16 21:02:23,2400,2l,0,3,3,2,3,4,3,4,2,1,3,2,3,3,2,2
1425,2025-07-16 17:37:46,2600,2l,0,3,5,2,3,4,3,4,2,1,3,2,3,3,2,2
1040,2025-07-16 21:58:56,2000,2l,0,3,5,2,3,1,3,4,3,3,3,2,4,3,2,2
84,2025-07-16 22:14:34,2000,2m,0,2,5,2,3,5,3,4,5,1,4,2,3,2,2,2
1022,2025-07-16 11:49:01,2400,2m,0,3,5,3,3,3,3,4,2,1,3,2,3,3,2,2
1123,2025-07-16 18:03:13,2400,2m,0,3,5,2,3,1,3,4,2,1,3,2,3,3,2,3
1403,2025-07-16 10:39:22,1800,2m,0,3,4,2,3,2,3,1,3,5,3,2,3,3,2,2
1638,2025-07-16 17:58:10,2800,2m,0,3,5,2,3,5,3,4,2,1,3,2,3,3,2,2
47,2025-07-16 19:07:12,2400,2m,0,3,5,2,3,5,3,1,2,5,3,2,3,3,2,2
3,2025-07-16 22:06:10,2600,2m,0,3,5,2,3,5,3,4,2,1,3,2,3,3,2,3
44,2025-07-16 22:48:46,2600,2m,0,3,5,2,3,4,3,4,2,1,3,2,3,3,2,2
698,2025-07-16 22:58:12,2800,2p,0,3,5,2,3,5,3,4,2,1,3,2,3,3,2,2
346,2025-07-16 23:21:26,600,2m,0,5,4,5,1,1,2,4,2,2,4,3,3,1,1,4
915,2025-07-16 20:12:31,2000,2m,0,3,3,1,3,4,3,4,5,1,3,2,3,3,2,2
1032,2025-07-16 21:09:12,2200,2m,0,3,3,4,3,4,3,4,2,1,3,2,3,3,2,2
1142,2025-07-16 09:34:19,2600,2m,0,3,3,2,3,5,3,4,2,1,3,2,3,3,2,2
437,2025-07-16 07:49:30,2200,2m,0,3,2,2,3,1,3,4,1,1,3,2,3,3,2,2
1579,2025-07-16 21:50:39,2800,2m,0,3,5,2,3,5,3,4,2,1,3,2,3,3,2,2
708,2025-07-16 10:55:40,2200,2m,0,3,4,5,3,1,3,4,2,1,3,2,3,3,2,2
297,2025-07-16 22:24:52,2400,2m,0,3,2,2,3,3,3,4,2,1,3,2,3,3,2,2
1185,2025-07-16 16:36:24,2800,2m,0,3,5,2,3,5,3,4,2,1,3,2,3,3,2,2
1710,2025-07-16 21:28:52,2400,2m,0,3,1,2,3,3,3,4,2,1,3,2,3,3,2,2
587,2025-07-16 16:36:29,2800,2m,0,3,5,2,3,5,3,4,2,1,3,2,3,3,2,2
26,2025-07-16 14:48:21,2600,2n,0,3,5,2,3,5,1,4,2,1,3,2,3,3,2,2
1520,2025-07-16 10:50:42,2600,2n,0,3,5,2,3,5,3,1,2,1,3,2,3,3,2,2
914,2025-07-16 13:45:35,2800,2n,0,3,5,2,3,5,3,4,2,1,3,2,3,3,2,2
1694,2025-07-18 08:02:08,2600,2n,0,3,5,2,3,5,3,5,2,1,3,2,3,3,2,2
1039,2025-07-16 19:10:36,2400,2n,0,3,5,2,4,5,3,5,2,1,3,2,3,3,2,3
169,2025-07-16 13:56:05,2600,2n,0,3,5,2,3,1,3,4,2,1,3,2,3,3,2,2
66,2025-07-16 23:47:32,2800,2n,0,3,5,2,3,5,3,4,2,1,3,2,3,3,2,2
844,2025-07-16 10:34:32,2800,2n,0,3,5,2,3,5,3,4,2,1,3,2,3,3,2,2
866,2025-07-16 20:52:04,2200,2n,0,3,2,4,3,3,3,4,2,1,3,2,3,3,2,2
1454,2025-07-16 09:03:47,2800,2n,0,3,5,2,3,5,3,4,2,1,3,2,3,3,2,2
215,2025-07-16 14:58:46,2800,2n,0,3,5,2,3,5,3,4,2,1,3,2,3,3,2,2
426,2025-07-16 14:55:57,2800,2n,0,3,5,2,3,5,3,4,2,1,3,2,3,3,2,2
1565,2025-07-16 21:34:35,2800,2n,0,3,5,2,3,5,3,4,2,1,3,2,3,3,2,2
949,2025-07-16 21:17:56,2600,2n,0,3,5,2,3,1,3,4,2,1,3,2,3,3,2,2
816,2025-07-16 14:57:45,2800,2n,0,3,5,2,3,5,3,4,2,1,3,2,3,3,2,2
747,2025-07-17 14:27:34,2200,2n,0,3,1,2,3,1,3,4,1,1,3,2,3,3,2,2
159,2025-07-16 14:58:40,2800,2n,0,3,5,2,3,5,3,4,2,1,3,2,3,3,2,2
100,2025-07-16 21:18:23,2600,2n,0,3,5,2,3,2,3,4,2,1,3,2,3,3,2,2
1529,2025-07-16 14:05:44,2800,2n,0,3,5,2,3,5,3,4,2,1,3,2,3,3,2,2
117,2025-07-16 20:24:34,2600,2n,0,3,1,2,3,5,3,4,2,1,3,2,3,3,2,2
1526,2025-07-16 15:09:40,2800,2n,0,3,5,2,3,5,3,4,2,1,3,2,3,3,2,2
1193,2025-07-16 19:02:06,2000,2n,0,3,3,3,3,3,3,4,1,1,3,2,3,3,2,2
1157,2025-07-16 10:25:14,2800,2n,0,3,5,2,3,5,3,4,2,1,3,2,3,3,2,2
778,2025-07-16 20:36:22,2600,2n,0,3,5,2,3,3,3,4,2,1,3,2,3,3,2,2
1256,2025-07-16 19:12:43,2400,2n,0,3,5,2,3,1,3,4,5,1,3,2,3,3,2,2
896,2025-07-16 21:40:46,2800,2n,0,3,5,2,3,5,3,4,2,1,3,2,3,3,2,2
49,2025-07-16 10:53:01,2800,2o,0,3,5,2,3,5,3,4,2,1,3,2,3,3,2,2
1436,2025-07-16 21:36:53,2800,2o,0,3,5,2,3,5,3,4,2,1,3,2,3,3,2,2
1063,2025-07-16 21:41:26,2800,2o,0,3,5,2,3,5,3,4,2,1,3,2,3,3,2,2
1181,2025-07-16 10:52:49,2800,2o,0,3,5,2,3,5,3,4,2,1,3,2,3,3,2,2
1281,2025-07-16 22:09:28,2400,2o,0,3,3,2,3,5,3,4,2,1,3,2,3,5,2,2
178,2025-07-16 22:33:29,2200,2o,0,3,5,2,3,3,3,4,1,1,1,2,3,3,2,2
400,2025-07-17 08:51:01,2800,2o,0,3,5,2,3,5,3,4,2,1,3,2,3,3,2,2
134,2025-07-16 20:37:56,2400,2o,0,3,3,2,3,4,3,4,2,1,3,2,3,3,2,2
1693,2025-07-16 20:37:11,2600,2o,0,3,3,2,3,5,3,4,2,1,3,2,3,3,2,2
1139,2025-07-16 15:24:48,2800,2o,0,3,5,2,3,5,3,4,2,1,3,2,3,3,2,2
240,2025-07-19 08:58:33,2800,2o,0,3,5,2,3,5,3,4,2,1,3,2,3,3,2,2
593,2025-07-16 22:40:19,1000,2o,0,4,1,2,5,5,5,4,4,1,5,1,5,2,3,2
1683,2025-07-16 18:57:43,2800,2o,0,3,5,2,3,5,3,4,2,1,3,2,3,3,2,2
970,2025-07-16 09:33:06,800,2o,0,4,4,3,2,2,2,4,3,2,1,3,1,4,2,2
600,2025-07-16 10:28:59,2800,2o,0,3,5,2,3,5,3,4,2,1,3,2,3,3,2,2
1443,2025-07-16 18:45:13,2800,2o,0,3,5,2,3,5,3,4,2,1,3,2,3,3,2,2
164,2025-07-16 21:14:13,2800,2o,0,3,5,2,3,5,3,4,2,1,3,2,3,3,2,2
567,2025-07-16 21:43:54,2800,2o,0,3,5,2,3,5,3,4,2,1,3,2,3,3,2,2
1291,2025-07-16 21:21:57,2400,2o,0,3,5,2,3,3,3,4,2,1,3,2,2,3,2,2
573,2025-07-16 19:28:23,2400,2o,0,3,5,2,3,3,3,4,1,1,3,2,3,3,2,2
673,2025-07-16 20:55:53,2400,2o,0,3,5,2,1,1,3,4,2,1,5,2,3,3,2,2
595,2025-07-16 21:42:32,2800,2o,0,3,5,2,3,5,3,4,2,1,3,2,3,3,2,2
1350,2025-07-17 06:56:06,2400,2o,0,3,5,2,3,3,3,5,2,1,3,2,3,3,2,2
1635,2025-07-16 10:19:04,2600,2o,0,3,5,2,3,5,5,4,2,1,3,2,3,3,2,2
478,2025-07-16 22:05:23,2800,2o,0,3,5,2,3,5,3,4,2,1,3,2,3,3,2,2
441,2025-07-16 20:39:41,2000,2o,0,3,5,2,3,1,3,2,3,3,3,2,3,3,2,2
694,2025-07-16 23:20:21,2400,2o,0,3,5,3,3,5,3,4,4,1,3,2,3,3,2,2
53,2025-07-16 08:59:10,2600,2o,0,3,5,2,3,2,3,4,2,1,3,2,3,3,2,2
752,2025-07-16 15:52:07,2800,2p,0,3,5,2,3,5,3,4,2,1,3,2,3,3,2,2
305,2025-07-16 12:11:12,2800,2p,0,3,5,2,3,5,3,4,2,1,3,2,3,3,2,2
727,2025-07-16 14:50:21,2800,2p,0,3,5,2,3,5,3,4,2,1,3,2,3,3,2,2
796,2025-07-16 21:37:16,2800,2p,0,3,5,2,3,5,3,4,2,1,3,2,3,3,2,2
353,2025-07-16 15:45:32,2800,2p,0,3,5,2,3,5,3,4,2,1,3,2,3,3,2,2
350,2025-07-16 15:52:40,2800,2p,0,3,5,2,3,5,3,4,2,1,3,2,3,3,2,2
610,2025-07-16 13:06:24,2800,2p,0,3,5,2,3,5,3,4,2,1,3,2,3,3,2,2
1552,2025-07-16 14:50:06,2600,2p,0,4,5,2,3,5,3,4,2,1,3,2,3,3,2,2
932,2025-07-16 14:50:03,2800,2p,0,3,5,2,3,5,3,4,2,1,3,2,3,3,2,2
1440,2025-07-16 20:05:27,2800,2p,0,3,5,2,3,5,3,4,2,1,3,2,3,3,2,2
1385,2025-07-16 20:07:01,2600,2p,0,3,5,3,3,5,3,4,2,1,3,2,3,3,2,2
859,2025-07-16 20:15:48,2800,2p,0,3,5,2,3,5,3,4,2,1,3,2,3,3,2,2
230,2025-07-16 19:48:12,1800,2p,0,3,2,4,3,1,3,4,4,1,3,2,3,3,4,2
314,2025-07-16 23:55:31,2200,2p,0,3,4,3,3,2,3,4,2,1,3,2,3,3,2,2
1643,2025-07-16 20:57:25,2600,2p,0,3,5,2,3,1,3,4,2,1,3,2,3,3,2,2
604,2025-07-16 20:41:46,1800,2p,0,3,2,4,3,3,3,4,5,2,3,2,3,3,2,2
517,2025-07-16 13:59:35,2800,2p,0,3,5,2,3,5,3,4,2,1,3,2,3,3,2,2
1549,2025-07-16 14:56:10,2800,2p,0,3,5,2,3,5,3,4,2,1,3,2,3,3,2,2
384,2025-07-16 20:36:27,2400,2p,0,3,5,2,3,3,3,4,4,1,3,2,3,3,2,2
103,2025-07-16 14:50:04,2800,2p,0,3,5,2,3,5,3,4,2,1,3,2,3,3,2,2
1639,2025-07-16 13:24:12,2800,2p,0,3,5,2,3,5,3,4,2,1,3,2,3,3,2,2
611,2025-07-16 22:40:39,2000,2p,0,3,1,5,2,5,3,2,2,1,2,2,3,4,2,2
717,2025-07-16 10:16:01,2600,2q,0,3,5,2,3,3,3,4,2,1,3,2,3,3,2,2
1489,2025-07-16 22:22:27,2200,2q,0,3,1,2,3,4,3,4,3,1,3,2,3,3,2,2
1601,2025-07-16 22:01:50,2600,2q,0,3,5,2,3,5,3,4,2,1,2,2,3,3,2,2
735,2025-07-16 21:46:49,2600,2q,0,3,5,3,3,5,3,4,2,1,3,2,3,3,2,2
45,2025-07-16 09:57:42,2800,2q,0,3,5,2,3,5,3,4,2,1,3,2,3,3,2,2
1301,2025-07-16 14:01:18,2200,2q,0,3,5,2,3,5,3,1,1,1,3,2,3,3,2,4
1466,2025-07-16 10:09:04,2200,2q,0,3,5,5,3,3,3,4,3,1,3,2,3,3,2,2
1156,2025-07-16 22:02:57,2800,2q,0,3,5,2,3,5,3,4,2,1,3,2,3,3,2,2
401,2025-07-16 11:08:51,2800,2q,0,3,5,2,3,5,3,4,2,1,3,2,3,3,2,2
5,2025-07-16 10:00:40,2600,2q,0,3,5,2,3,5,3,4,4,1,3,2,3,3,2,2
700,2025-07-17 06:24:15,1800,2q,0,3,2,3,3,1,3,4,5,1,3,2,3,3,2,3
242,2025-07-16 17:59:47,2800,2q,0,3,5,2,3,5,3,4,2,1,3,2,3,3,2,2
1100,2025-07-16 21:01:33,2600,2q,0,3,5,3,3,5,3,4,2,1,3,2,3,3,2,2
442,2025-07-16 15:09:47,2000,2q,0,3,3,1,3,2,3,1,2,1,3,2,3,3,2,2
59,2025-07-16 19:01:20,2400,2o,0,3,5,2,3,3,3,4,1,1,3,2,3,3,2,2
1143,2025-07-16 11:55:06,2800,2q,0,3,5,2,4,5,3,4,2,1,3,2,3,3,2,2
1616,2025-07-16 19:06:55,2600,2q,0,3,5,2,3,5,3,4,5,1,3,2,3,3,2,2
1645,2025-07-16 21:53:01,2600,2r,0,3,5,2,3,3,3,4,2,1,3,2,3,3,2,2
1231,2025-07-16 13:19:33,2400,2r,0,3,5,2,3,4,3,4,2,1,3,2,3,3,2,3
327,2025-07-16 19:45:29,2600,2r,0,3,5,2,3,1,3,4,2,1,3,2,3,3,2,2
1001,2025-07-16 12:52:51,2800,2r,0,3,5,2,3,5,3,4,2,1,3,2,3,3,2,2
927,2025-07-16 21:32:19,2800,2r,0,3,5,2,3,5,3,4,2,1,3,2,3,3,2,2
1462,2025-07-16 20:33:39,2800,2r,0,3,5,2,3,5,3,4,2,1,3,2,3,3,2,2
365,2025-07-16 22:31:05,2800,2r,0,3,5,2,3,5,3,4,2,1,3,2,3,3,2,2
250,2025-07-16 09:49:39,2400,2r,0,3,5,2,3,3,3,4,2,1,3,2,3,3,2,3
1561,2025-07-16 15:10:59,2400,2r,0,3,5,2,3,3,3,4,2,1,1,2,3,3,2,2
,2025-07-16 11:58:11,2800,2r,0,3,5,2,3,5,3,4,2,1,3,2,3,3,2,2
1194,2025-07-16 20:33:24,2600,2r,0,3,5,2,3,3,3,4,2,1,3,2,3,3,2,2
422,2025-07-16 20:57:16,2800,2r,0,3,5,2,3,5,3,4,2,1,3,2,3,3,2,2
1542,2025-07-17 03:48:58,2400,2r,0,3,3,2,3,5,3,1,2,1,3,2,3,3,2,2
787,2025-07-16 09:20:04,2800,2r,0,3,5,2,3,5,3,4,2,1,3,2,3,3,2,2
335,2025-07-16 18:18:22,2600,2r,0,3,5,2,3,3,3,4,2,1,3,2,3,3,2,2
153,2025-07-16 14:26:51,2600,2r,0,3,5,2,3,1,3,4,2,1,3,2,3,3,2,2
764,2025-07-16 08:06:27,2800,2r,0,3,5,2,2,1,3,4,2,1,3,2,3,3,2,2
596,2025-07-16 20:56:48,2400,2r,0,3,1,2,3,1,3,4,2,1,3,2,3,3,2,2
1680,2025-07-16 22:18:26,2600,2r,0,3,5,2,3,4,3,4,2,1,3,2,3,3,2,2
440,2025-07-16 23:53:01,2600,2r,0,3,5,2,3,4,3,4,2,1,3,2,3,3,2,2
1475,2025-07-16 21:27:06,2600,2r,0,3,5,2,3,5,3,4,1,1,3,2,3,3,2,2
1376,2025-07-16 20:58:33,2400,2r,0,3,5,2,3,3,3,4,4,1,3,2,3,3,2,2
988,2025-07-16 23:37:55,2400,2r,0,3,5,2,3,1,3,4,2,1,3,2,1,3,2,2
908,2025-07-16 11:49:24,2800,2r,0,3,5,2,3,5,3,4,2,1,3,2,3,3,2,2
325,2025-07-16 19:35:59,2800,2s,0,3,5,2,3,5,3,4,2,1,3,2,3,3,2,2
1441,2025-07-16 22:07:01,2600,2s,0,3,5,2,3,5,3,1,2,1,3,2,3,3,2,2
924,2025-07-16 09:36:12,2400,2s,0,3,5,2,3,3,3,4,2,1,3,2,3,3,2,3
871,2025-07-16 22:59:36,2400,2s,0,3,5,2,3,3,3,4,5,1,3,2,3,3,2,2
550,2025-07-16 19:38:39,2800,2s,0,3,5,2,3,5,3,4,2,1,3,2,3,3,2,2
1488,2025-07-16 21:15:00,1200,2s,0,2,4,3,3,3,3,4,1,1,3,1,5,2,2,2
874,2025-07-16 19:24:11,2800,2s,0,3,5,2,3,5,3,4,2,1,3,2,3,3,2,2
172,2025-07-16 21:28:17,2600,2s,0,3,5,2,3,5,3,4,2,1,3,2,3,3,1,2
189,2025-07-16 19:52:13,2800,2s,0,3,5,2,3,5,3,4,2,1,3,2,3,3,2,2
1363,2025-07-16 19:35:57,2800,2s,0,3,5,2,3,5,3,4,2,1,3,2,3,3,2,2
1188,2025-07-16 08:51:08,2400,2s,0,3,5,3,3,3,3,4,2,1,3,2,3,3,2,2
1278,2025-07-16 14:22:46,2400,2s,0,3,5,2,3,5,1,4,2,1,3,2,3,3,2,4
480,2025-07-16 19:48:28,2800,2s,0,3,5,2,3,5,3,4,2,1,3,2,3,3,2,2
338,2025-07-16 13:49:42,2600,2s,0,3,5,2,3,5,3,2,2,1,3,2,3,3,2,2
475,2025-07-16 16:29:57,2800,2s,0,3,5,2,3,5,3,4,2,1,3,2,3,3,2,2
605,2025-07-16 09:59:03,2800,2s,0,3,5,2,3,5,3,4,2,1,3,2,3,3,2,2
1426,2025-07-17 10:41:22,2200,2s,0,3,5,2,3,3,3,3,2,2,3,2,3,3,2,2
455,2025-07-16 20:21:23,2400,2t,0,3,5,3,3,2,3,4,2,1,3,2,3,3,2,2
1005,2025-07-16 22:21:55,2400,2t,0,3,5,2,3,2,3,4,5,1,3,2,3,3,2,2
184,2025-07-16 19:54:16,2400,2t,0,3,3,2,3,1,3,4,2,1,3,2,3,3,2,2
714,2025-07-16 20:21:18,2400,2t,0,3,5,3,3,2,3,4,2,1,3,2,3,3,2,2
993,2025-07-16 22:09:23,2600,2s,0,3,5,2,3,1,3,4,2,1,3,2,3,3,2,2
287,2025-07-16 22:18:21,2600,2t,0,3,5,3,3,5,3,4,2,1,3,2,3,3,2,2
1582,2025-07-16 11:40:01,2800,2t,0,3,5,2,3,5,3,4,2,1,3,2,3,3,2,2
1051,2025-07-16 08:16:06,2600,2t,0,3,5,2,3,3,3,4,2,1,3,2,3,3,2,2
1569,2025-07-16 20:21:24,2400,2t,0,3,5,3,3,2,3,4,2,1,3,2,3,3,2,2
533,2025-07-16 21:22:15,2800,2t,0,3,5,2,3,5,3,4,2,1,3,2,3,3,2,2
467,2025-07-16 20:14:44,2400,2t,0,3,5,3,3,5,3,4,1,1,3,2,3,3,2,2
1061,2025-07-16 21:50:10,2200,2t,0,3,5,2,1,5,3,1,2,3,3,2,3,3,3,2
1286,2025-07-16 21:51:21,2800,2t,0,3,5,2,3,5,3,4,2,1,3,2,3,3,2,2
801,2025-07-16 09:13:24,2400,2t,0,3,5,3,3,5,3,4,4,1,3,2,3,3,2,2
334,2025-07-16 11:22:23,2800,2t,0,3,5,2,3,5,3,4,2,1,3,2,3,3,2,2
1122,2025-07-16 21:23:27,2800,2t,0,3,5,2,3,5,3,4,2,1,3,2,3,3,2,2
578,2025-07-16 21:37:22,600,2h,0,3,3,3,1,3,1,5,1,3,5,3,3,3,1,4
658,2025-07-16 21:21:56,2800,2t,0,3,5,2,3,5,3,4,2,1,3,2,3,3,2,2
368,2025-07-16 20:30:48,2400,2t,0,3,5,2,3,2,3,4,5,1,3,2,3,3,2,2
763,2025-07-16 21:22:13,2600,2t,0,5,5,2,3,5,3,4,2,1,3,2,3,3,2,2